timestamp,fsw_state_state,bmp_data_pressure,bmp_data_temperature,pos_data_abs_altitude,pos_data_rel_altitude,gps_data_is_connected,gps_data_num_fixed_satellites,gps_data_latitude,gps_data_longitude
2306744,3,99032.3671875,42.80997848510742,212.6924591064453,19.743377685546875,1,15,49.23809814453125,16.556121826171875
2306824,3,99027.828125,42.8170509338379,212.73361206054688,19.784530639648438,1,15,49.23809814453125,16.556121826171875
2306844,3,99024.6875,42.81941223144531,212.7939910888672,19.84490966796875,1,15,49.23809814453125,16.556121826171875
2306884,3,99027.1328125,42.81941223144531,212.81497192382812,19.865890502929688,1,15,49.23809814453125,16.556121826171875
2306924,3,99030.984375,42.83120346069336,212.81248474121094,19.8634033203125,1,15,49.23809814453125,16.556121826171875
2306944,3,99033.953125,42.833560943603516,212.7437286376953,19.794647216796875,1,15,49.23809814453125,16.556121826171875
2307024,3,99032.7265625,42.833560943603516,212.63232421875,19.683242797851562,1,15,49.23809814453125,16.556121826171875
2307044,3,99029.4140625,42.84063720703125,212.64967346191406,19.700592041015625,1,15,49.23809814453125,16.556121826171875
2307084,3,99033.609375,42.8429946899414,212.6095733642578,19.660491943359375,1,15,49.23809814453125,16.556121826171875
2307164,3,99027.4921875,42.8429946899414,212.66490173339844,19.7158203125,1,15,49.23809814453125,16.556121826171875
2307184,3,99032.3828125,42.8429946899414,212.63510131835938,19.686019897460938,1,15,49.23809814453125,16.556121826171875
2307224,3,99031.1640625,42.8429946899414,212.6220245361328,19.672943115234375,1,15,49.23809814453125,16.556121826171875
2307264,3,99028.546875,42.847713470458984,212.6398162841797,19.69073486328125,1,15,49.23809814453125,16.556121826171875
2307284,3,99030.9921875,42.847713470458984,212.6309814453125,19.681900024414062,1,15,49.23809814453125,16.556121826171875
2307324,3,99028.015625,42.84535598754883,212.61878967285156,19.669708251953125,1,15,49.23809814453125,16.556121826171875
2307364,3,99030.2890625,42.85007095336914,212.62818908691406,19.679107666015625,1,15,49.23809814453125,16.556121826171875
2307384,3,99027.671875,42.85478973388672,212.66082763671875,19.711746215820312,1,15,49.23809814453125,16.556121826171875
2307424,3,99029.0703125,42.85007095336914,212.69175720214844,19.74267578125,1,15,49.23809814453125,16.556121826171875
2307464,3,99027.671875,42.85478973388672,212.77532958984375,19.826248168945312,1,15,49.23809814453125,16.556121826171875
2307524,3,99028.7265625,42.85950469970703,212.84490966796875,19.895828247070312,1,15,49.23809814453125,16.556121826171875
2307564,3,99029.7734375,42.8642234802246,212.83447265625,19.885391235351562,1,15,49.23809814453125,16.556121826171875
2307624,3,99022.609375,42.85950469970703,212.88333129882812,19.934249877929688,1,15,49.23809814453125,16.556121826171875
2307664,3,99024.8828125,42.8642234802246,212.931884765625,19.982803344726562,1,15,49.23809814453125,16.556121826171875
2307724,3,99030.828125,42.86893844604492,212.84988403320312,19.900802612304688,1,15,49.23809814453125,16.556121826171875
2307864,3,99028.0234375,42.86186218261719,212.79295349121094,19.8438720703125,1,15,49.23809814453125,16.556121826171875
2307964,3,99028.0234375,42.86186218261719,212.79736328125,19.848281860351562,1,15,49.23809814453125,16.556121826171875
2308024,3,99030.125,42.87129592895508,212.78390502929688,19.834823608398438,1,15,49.23809814453125,16.556121826171875
2308064,3,99030.125,42.87129592895508,212.76113891601562,19.812057495117188,1,15,49.23809814453125,16.556121826171875
2308164,3,99027.15625,42.86893844604492,213.0050506591797,20.05596923828125,1,15,49.23809814453125,16.556121826171875
2308224,3,99031.703125,42.87837219238281,212.87461853027344,19.925537109375,1,15,49.23809814453125,16.556121826171875
2308264,3,99026.4609375,42.87129592895508,212.83094787597656,19.881866455078125,1,15,49.23809814453125,16.556121826171875
2308324,3,99028.90625,42.87129592895508,212.768310546875,19.819229125976562,1,15,49.23809814453125,16.556121826171875
2308364,3,99025.0625,42.876014709472656,212.7997589111328,19.850677490234375,1,15,49.23809814453125,16.556121826171875
2308444,3,99036.421875,42.8830909729004,212.71139526367188,19.762313842773438,1,15,49.23809814453125,16.556121826171875
2308544,3,99031.875,42.8736572265625,212.74093627929688,19.791854858398438,1,16,49.23809814453125,16.556121826171875
2308564,3,99030.4765625,42.87837219238281,212.73109436035156,19.782012939453125,1,16,49.23809814453125,16.556121826171875
2308644,3,99022.6171875,42.876014709472656,212.8483428955078,19.899261474609375,1,16,49.23809814453125,16.556121826171875
2308704,3,99029.78125,42.88072967529297,212.79336547851562,19.844284057617188,1,16,49.23809814453125,16.556121826171875
2308744,3,99027.3359375,42.88072967529297,212.80191040039062,19.852828979492188,1,16,49.23809814453125,16.556121826171875
2308784,3,99026.1171875,42.88072967529297,212.82769775390625,19.878616333007812,1,16,49.23809814453125,16.556121826171875
2308844,3,99022.09375,42.8736572265625,212.97093200683594,20.0218505859375,1,16,49.23809814453125,16.556121826171875
2308884,3,99025.0625,42.876014709472656,213.0377655029297,20.08868408203125,1,16,49.23809814453125,16.556121826171875
2308904,3,99009.515625,42.8830909729004,213.24551391601562,20.296432495117188,1,16,49.23809814453125,16.556121826171875
2308944,3,99019.4765625,42.87837219238281,213.33013916015625,20.381057739257812,1,16,49.23809814453125,16.556121826171875
19,4,99037.6484375,42.8830909729004,213.4442596435547,20.49517822265625,1,16,49.23809814453125,16.556121826171875
59,4,99013.359375,42.87837219238281,213.61402893066406,20.664947509765625,1,16,49.23809814453125,16.556121826171875
99,4,99027.3359375,42.88072967529297,213.6031494140625,20.654067993164062,1,16,49.23809814453125,16.556121826171875
139,4,99032.3984375,42.876014709472656,213.60086059570312,20.651779174804688,1,16,49.23809814453125,16.556121826171875
159,4,99046.5546875,42.8736572265625,213.4250030517578,20.475921630859375,1,16,49.23809814453125,16.556121826171875
219,4,99000.421875,42.8642234802246,214.49435424804688,21.545272827148438,1,16,49.23809814453125,16.556121826171875
259,4,99001.6484375,42.8642234802246,214.77972412109375,21.830642700195312,1,16,49.23809814453125,16.556121826171875
299,4,98989.765625,42.85478973388672,215.559326171875,22.610244750976562,1,16,49.23809814453125,16.556121826171875
319,4,98988.53125,42.8382797241211,216.3120880126953,23.363006591796875,1,16,49.23809814453125,16.556121826171875
359,4,98977.171875,42.83120346069336,216.7648468017578,23.815765380859375,1,16,49.23809814453125,16.556121826171875
399,4,98957.4296875,42.81941223144531,217.61221313476562,24.663131713867188,1,16,49.23809814453125,16.556121826171875
439,4,98950.2578125,42.7981834411621,218.7015838623047,25.75250244140625,1,16,49.23809814453125,16.556121826171875
459,4,98939.9453125,42.77931594848633,219.92169189453125,26.972610473632812,1,16,49.23809814453125,16.556121826171875
499,4,98930.8671875,42.77695846557617,220.63885498046875,27.689773559570312,1,16,49.23809814453125,16.556121826171875
539,4,98915.484375,42.7628059387207,222.05056762695312,29.101486206054688,1,16,49.23809814453125,16.556121826171875
599,4,98889.9765625,42.72507095336914,224.32662963867188,31.377548217773438,1,16,49.23809814453125,16.556121826171875
639,4,98869.3671875,42.72035598754883,226.07591247558594,33.1268310546875,1,16,49.23809814453125,16.556121826171875
659,4,98867.9609375,42.708560943603516,226.90794372558594,33.9588623046875,1,16,49.23809814453125,16.556121826171875
699,4,98841.0625,42.6920509338379,228.8467254638672,35.89764404296875,1,16,49.238101959228516,16.556127548217773
739,4,98821.328125,42.680259704589844,230.95599365234375,38.00691223144531,1,16,49.238101959228516,16.556127548217773
759,4,98798.796875,42.66139221191406,233.07810974121094,40.1290283203125,1,16,49.238101959228516,16.556127548217773
799,4,98780.109375,42.65431594848633,234.3265838623047,41.37750244140625,1,16,49.238101959228516,16.556127548217773
839,4,98760.1953125,42.6472396850586,236.65249633789062,43.70341491699219,1,16,49.238101959228516,16.556127548217773
939,4,98678.6484375,42.60478591918945,243.43829345703125,50.48921203613281,1,16,49.238101959228516,16.556127548217773
959,4,98657.6953125,42.5929946899414,246.275146484375,53.32606506347656,1,16,49.238101959228516,16.556127548217773
999,4,98637.09375,42.58827590942383,247.8839569091797,54.93487548828125,1,16,49.23811340332031,16.55613899230957
1039,4,98608.640625,42.564693450927734,250.9090576171875,57.95997619628906,1,16,49.23811340332031,16.55613899230957
1059,4,98585.59375,42.54346466064453,253.78952026367188,60.84043884277344,1,16,49.23811340332031,16.55613899230957
1099,4,98570.578125,42.5363883972168,255.36915588378906,62.420074462890625,1,16,49.23811340332031,16.5561466217041
1139,4,98538.4609375,42.51280212402344,258.4892578125,65.54017639160156,1,16,49.23811340332031,16.5561466217041
1159,4,98488.71875,42.48685836791992,261.8507385253906,68.9016571044922,1,16,49.23811340332031,16.5561466217041
1199,4,98463.4140625,42.47742462158203,263.83355712890625,70.8844757080078,1,16,49.238121032714844,16.556154251098633
1259,4,98401.6328125,42.44676208496094,271.1481628417969,78.19908142089844,1,16,49.238121032714844,16.556154251098633
1299,4,98369.875,42.43025207519531,273.2342529296875,80.28517150878906,1,16,49.238121032714844,16.556154251098633
1359,4,98289.78125,42.39958953857422,280.94683837890625,87.9977569580078,1,16,49.238121032714844,16.556154251098633
1399,4,98267.796875,42.3830795288086,283.17767333984375,90.2285919189453,1,16,49.2381362915039,16.556175231933594
1459,4,98184.234375,42.34770202636719,291.4385681152344,98.48948669433594,1,16,49.2381362915039,16.556175231933594
1499,4,98155.453125,42.33354949951172,293.82568359375,100.87660217285156,1,16,49.2381362915039,16.556175231933594
1539,4,98118.296875,42.31467819213867,298.1021423339844,105.15306091308594,1,16,49.2381362915039,16.556175231933594
1579,4,98056.0234375,42.29816818237305,302.5688781738281,109.61979675292969,1,16,49.2381362915039,16.556175231933594
1599,4,98036.484375,42.29816818237305,305.10894775390625,112.15986633300781,1,16,49.2381362915039,16.556175231933594
1639,4,97985.3828125,42.2769432067871,309.8573913574219,116.90830993652344,1,16,49.2381362915039,16.556175231933594
1679,4,97928.859375,42.269866943359375,314.5777893066406,121.62870788574219,1,16,49.2381362915039,16.556175231933594
1699,4,97922.9375,42.2651481628418,317.1117248535156,124.16264343261719,1,16,49.23817443847656,16.55620574951172
1739,4,97861.1953125,42.25099563598633,322.0340270996094,129.08494567871094,1,16,49.23817443847656,16.55620574951172
1779,4,97819.1796875,42.23212814331055,326.73297119140625,133.7838897705078,1,16,49.23817443847656,16.55620574951172
1799,4,97756.921875,42.21561813354492,331.70745849609375,138.7583770751953,1,16,49.23818588256836,16.556217193603516
1839,4,97725.71875,42.20146560668945,334.547119140625,141.59803771972656,1,16,49.23818588256836,16.556217193603516
1879,4,97676.5703125,42.17787551879883,339.7542724609375,146.80519104003906,1,16,49.23818588256836,16.556217193603516
1899,4,97632.9765625,42.16844177246094,342.8125915527344,149.86351013183594,1,16,49.23820114135742,16.556228637695312
1939,4,97575.8046875,42.147212982177734,348.5743103027344,155.62522888183594,1,16,49.23820114135742,16.556228637695312
1979,4,97500.2890625,42.14249801635742,354.36102294921875,161.4119415283203,1,16,49.23820114135742,16.556228637695312
1999,4,97455.15625,42.12598419189453,357.4595947265625,164.51051330566406,1,16,49.23821258544922,16.55624008178711
2099,4,97296.34375,42.09768295288086,375.27825927734375,182.3291778564453,1,16,49.23821258544922,16.55624008178711
2139,4,97282.25,42.0835304260254,378.44964599609375,185.5005645751953,1,16,49.23821258544922,16.55624008178711
2179,4,97194.0703125,42.059940338134766,384.60748291015625,191.6584014892578,1,16,49.23821258544922,16.55624008178711
2239,4,97104.6796875,42.0363540649414,394.3195495605469,201.37046813964844,1,16,49.238250732421875,16.55626678466797
2279,4,97058.71875,42.010406494140625,400.3291015625,207.38002014160156,1,16,49.238250732421875,16.55626678466797
2339,4,96952.3125,41.97031021118164,410.0373840332031,217.0883026123047,1,16,49.2382698059082,16.55628204345703
2379,4,96875.15625,41.946720123291016,416.3294372558594,223.38035583496094,1,16,49.2382698059082,16.55628204345703
2399,4,96816.4921875,41.91841506958008,422.69854736328125,229.7494659423828,1,16,49.238311767578125,16.55631446838379
2539,4,96585.8515625,41.82878112792969,445.8120422363281,252.8629608154297,1,16,49.238311767578125,16.55631446838379
2579,4,96514.703125,41.793399810791016,452.2120056152344,259.262939453125,1,16,49.238311767578125,16.55631446838379
2659,4,96369.8046875,41.727352142333984,464.8789978027344,271.929931640625,1,16,49.23835372924805,16.55634880065918
2659,4,96369.8046875,41.727352142333984,464.8789978027344,271.929931640625,1,16,49.23835372924805,16.55634880065918
2879,4,96029.0625,41.5622329711914,498.94012451171875,305.99102783203125,1,15,49.23839569091797,16.55638313293457
2899,4,96026.6953125,41.545719146728516,501.3916931152344,308.442626953125,1,15,49.23839569091797,16.55638313293457
2939,4,95941.5078125,41.5126953125,507.6526184082031,314.70355224609375,1,15,49.23839569091797,16.55638313293457
2979,4,95881.21875,41.48202896118164,513.6114501953125,320.662353515625,1,15,49.23839569091797,16.55638313293457
2999,4,95840.3671875,41.4678726196289,516.3079833984375,323.35888671875,1,15,49.23839569091797,16.55638313293457
2999,4,95840.3671875,41.4678726196289,516.3079833984375,323.35888671875,1,15,49.23839569091797,16.55638313293457
2999,4,95840.3671875,41.4678726196289,516.3079833984375,323.35888671875,1,15,49.23839569091797,16.55638313293457
2999,4,95840.3671875,41.4678726196289,516.3079833984375,323.35888671875,1,15,49.23839569091797,16.55638313293457
3159,4,95593.875,41.38766860961914,539.8606567382812,346.91156005859375,1,15,49.23839569091797,16.55638313293457
3179,4,95558.421875,41.37587356567383,543.1600952148438,350.21099853515625,1,16,49.238460540771484,16.556432723999023
3219,4,95487.71875,41.3475685119629,549.1903076171875,356.2412109375,1,16,49.238460540771484,16.556432723999023
3259,4,95449.015625,41.32633590698242,554.6728515625,361.7237548828125,1,16,49.238460540771484,16.556432723999023
3279,4,95410.4296875,41.31690216064453,557.8577270507812,364.90863037109375,1,16,49.23848342895508,16.55645179748535
3319,4,95342.1796875,41.28859329223633,563.8385620117188,370.88946533203125,1,16,49.23848342895508,16.55645179748535
3359,4,95273.4296875,41.25792694091797,569.5462646484375,376.59716796875,1,16,49.23848342895508,16.55645179748535
3379,4,95247.234375,41.243770599365234,572.8290405273438,379.87994384765625,1,16,49.2385025024414,16.556467056274414
3419,4,95181.4375,41.21546173095703,578.8116455078125,385.862548828125,1,16,49.2385025024414,16.556467056274414
3459,4,95131.4921875,41.1871566772461,584.2242431640625,391.275146484375,1,16,49.2385025024414,16.556467056274414
3499,4,95077.6875,41.16356658935547,589.9904174804688,397.04132080078125,1,16,49.238525390625,16.55648422241211
3519,4,95043.890625,41.142333984375,593.0890502929688,400.13995361328125,1,16,49.238525390625,16.55648422241211
3619,4,94896.734375,41.080997467041016,606.9844970703125,414.035400390625,1,16,49.23854446411133,16.5565013885498
3659,4,94833.921875,41.05504608154297,612.07958984375,419.1304931640625,1,16,49.23854446411133,16.5565013885498
3719,4,94739.3671875,41.017303466796875,620.885009765625,427.9359130859375,1,15,49.23856735229492,16.5565185546875
3759,4,94688.84375,41.00314712524414,626.032470703125,433.0833740234375,1,15,49.23856735229492,16.5565185546875
3819,4,94619.875,40.96540069580078,634.2555541992188,441.30645751953125,1,15,49.23858642578125,16.556533813476562
3859,4,94541.3671875,40.95124816894531,639.4251708984375,446.47607421875,1,15,49.23858642578125,16.556533813476562
4059,4,94259.4375,40.88519287109375,666.0977783203125,473.148681640625,1,15,49.23862838745117,16.556568145751953
4159,4,94125.09375,40.854522705078125,679.1263427734375,486.17724609375,1,15,49.238651275634766,16.55658531188965
4239,4,94027.28125,40.8238525390625,690.0118408203125,497.062744140625,1,15,49.238651275634766,16.55658531188965
4259,4,93998.4921875,40.8144187927246,692.2293701171875,499.2802734375,1,15,49.238651275634766,16.55658531188965
4339,4,93883.15625,40.78139114379883,702.9095458984375,509.96044921875,1,15,49.23868942260742,16.55661964416504
4359,4,93867.7578125,40.77195358276367,705.0678100585938,512.1187133789062,1,15,49.23868942260742,16.55661964416504
4439,4,93768.9765625,40.73656463623047,715.106689453125,522.1575927734375,1,16,49.23870849609375,16.5566349029541
4459,4,93742.1328125,40.724769592285156,717.2141723632812,524.2650756835938,1,16,49.23872756958008,16.5566520690918
4539,4,93633.5546875,40.67758560180664,727.5844116210938,534.6353149414062,1,16,49.23872756958008,16.5566520690918
4599,4,93555.2734375,40.646915435791016,734.6213989257812,541.6723022460938,1,16,49.23872756958008,16.5566520690918
4639,9,93507.6875,40.623321533203125,739.8616333007812,546.9125366210938,1,16,49.2387466430664,16.556671142578125
4699,9,93437,40.5997314453125,746.7278442382812,553.7787475585938,1,16,49.2387466430664,16.556671142578125
4739,9,93382.9140625,40.585575103759766,751.8392944335938,558.8901977539062,1,16,49.2387466430664,16.556671142578125
4779,9,93317.3203125,40.5572624206543,756.884521484375,563.9354248046875,1,15,49.23878860473633,16.55670166015625
4819,9,93264.8984375,40.53367233276367,761.9082641601562,568.9591674804688,1,15,49.23878860473633,16.55670166015625
4839,9,93235.4296875,40.52659225463867,764.455810546875,571.5067138671875,1,15,49.23878860473633,16.55670166015625
4879,9,93200.09375,40.51479721069336,769.292724609375,576.3436279296875,1,15,49.23878860473633,16.55670166015625
4919,9,93146.9609375,40.4935646057129,774.132568359375,581.1834716796875,1,15,49.23878860473633,16.55670166015625
4979,9,93068.734375,40.462894439697266,781.2069091796875,588.2578125,1,15,49.23882293701172,16.556730270385742
5019,9,93031.203125,40.4463768005371,785.8389282226562,592.8898315429688,1,15,49.23882293701172,16.556730270385742
5059,9,93002.1796875,40.42986297607422,789.871826171875,596.9227294921875,1,15,49.23882293701172,16.556730270385742
5079,9,92954.921875,40.41334915161133,792.5824584960938,599.6333618164062,1,16,49.23884201049805,16.5567455291748
5119,9,92911.3203125,40.39683151245117,797.1292114257812,604.1801147460938,1,16,49.23884201049805,16.5567455291748
5159,9,92868.875,40.36852264404297,801.3651123046875,608.416015625,1,16,49.23884201049805,16.5567455291748
5279,9,92728.359375,40.31897735595703,814.9554443359375,622.00634765625,1,16,49.23887634277344,16.55677604675293
5319,9,92667.3125,40.31189727783203,819.589111328125,626.6400146484375,1,16,49.23887634277344,16.55677604675293
5359,9,92627.875,40.2977409362793,823.7737426757812,630.8246459960938,1,16,49.23887634277344,16.55677604675293
5419,9,92550.9765625,40.278865814208984,830.792724609375,637.8436279296875,1,16,49.238895416259766,16.556791305541992
5459,9,92516.40625,40.26470947265625,834.7718505859375,641.82275390625,1,16,49.238895416259766,16.556791305541992
5479,9,92496.2421875,40.26707077026367,837.3035278320312,644.3544311523438,1,16,49.2389144897461,16.55680274963379
5519,9,92439.5234375,40.24583435058594,841.734375,648.7852783203125,1,16,49.2389144897461,16.55680274963379
5579,9,92367.1796875,40.20808792114258,848.6058959960938,655.6567993164062,1,16,49.238929748535156,16.55681800842285
5619,9,92327.484375,40.186851501464844,853.1113891601562,660.1622924804688,1,16,49.238929748535156,16.55681800842285
5659,9,92285.5859375,40.1609001159668,857.081787109375,664.1326904296875,1,16,49.238929748535156,16.55681800842285
5699,9,92236.671875,40.142024993896484,861.376220703125,668.4271240234375,1,16,49.238948822021484,16.55683135986328
5719,9,92222.09375,40.142024993896484,863.8436889648438,670.8945922851562,1,16,49.238948822021484,16.55683135986328
5819,9,92111.140625,40.09955596923828,874.3912353515625,681.442138671875,1,16,49.23896789550781,16.556848526000977
5859,9,92072.1796875,40.075958251953125,878.1561889648438,685.2070922851562,1,16,49.23896789550781,16.556848526000977
5919,9,92010.90625,40.0618019104004,884.49609375,691.5469970703125,1,16,49.23898696899414,16.556861877441406
5959,9,91951.8046875,40.04056930541992,888.3344116210938,695.3853149414062,1,16,49.23898696899414,16.556861877441406
6019,9,91909.2578125,40.028770446777344,894.5224609375,701.5733642578125,1,16,49.2390022277832,16.5568790435791
6059,9,91853.578125,40.01225662231445,898.2864990234375,705.33740234375,1,16,49.2390022277832,16.5568790435791
6119,9,91798.6171875,39.99338150024414,904.5682983398438,711.6192016601562,1,16,49.2390022277832,16.5568790435791
6159,9,91765.796875,39.98158264160156,908.1138916015625,715.164794921875,1,16,49.2390022277832,16.5568790435791
6319,9,91592.9921875,39.93911361694336,924.5030517578125,731.553955078125,1,16,49.23905563354492,16.55691909790039
6419,9,91490.8984375,39.9037208557129,934.2981567382812,741.3490600585938,1,16,49.239070892333984,16.556930541992188
6459,9,91451.53125,39.889564514160156,937.7500610351562,744.8009643554688,1,16,49.239070892333984,16.556930541992188
6519,9,91392.7265625,39.87540817260742,943.9591064453125,751.010009765625,1,16,49.23908996582031,16.55694580078125
6559,9,91349.2265625,39.858890533447266,947.4486694335938,754.4995727539062,1,16,49.23908996582031,16.55694580078125
6619,9,91277.2890625,39.828216552734375,953.44775390625,760.4986572265625,1,16,49.23910903930664,16.55695915222168
6659,9,91257.609375,39.821136474609375,956.8988037109375,763.94970703125,1,16,49.23910903930664,16.55695915222168
6739,9,91192.9375,39.77866744995117,964.3651123046875,771.416015625,1,14,49.23912811279297,16.556974411010742
6799,9,91135.609375,39.75979232788086,969.4637451171875,776.5146484375,1,14,49.23912811279297,16.556974411010742
6839,9,91092.6171875,39.74563217163086,973.4238891601562,780.4747924804688,1,15,49.23914337158203,16.556987762451172
6879,9,91055.4609375,39.7361946105957,976.9915771484375,784.04248046875,1,15,49.23916244506836,16.55699920654297
6899,9,91037,39.72911834716797,978.4912719726562,785.5421752929688,1,15,49.23916244506836,16.55699920654297
6939,9,90997.421875,39.71967697143555,982.451171875,789.5020751953125,1,15,49.23916244506836,16.55699920654297
6979,9,90963.671875,39.71495819091797,986.0403442382812,793.0912475585938,1,15,49.23917770385742,16.55701446533203
6999,9,90940.359375,39.707881927490234,987.568115234375,794.6190185546875,1,15,49.23917770385742,16.55701446533203
7039,9,90895.4375,39.696083068847656,991.3297119140625,798.380615234375,1,15,49.23917770385742,16.55701446533203
7079,9,90867.2734375,39.689002990722656,995.0731811523438,802.1240844726562,1,15,49.23919677734375,16.55702781677246
7099,9,90861.1875,39.677207946777344,996.466552734375,803.5174560546875,1,15,49.23919677734375,16.55702781677246
7139,9,90815.078125,39.677207946777344,1000.400634765625,807.4515380859375,1,15,49.23919677734375,16.55702781677246
7179,9,90779.6171875,39.658329010009766,1003.8926391601562,810.9435424804688,1,15,49.23921203613281,16.557039260864258
7219,9,90748.3046875,39.65361022949219,1007.4329223632812,814.4838256835938,1,15,49.23921203613281,16.557039260864258
7239,9,90722.828125,39.65361022949219,1009.2205810546875,816.271484375,1,15,49.23921203613281,16.557039260864258
7279,9,90682.53125,39.64653396606445,1012.9249267578125,819.975830078125,1,15,49.239227294921875,16.557052612304688
7319,9,90662.125,39.6300163269043,1016.293212890625,823.3441162109375,1,15,49.239227294921875,16.557052612304688
7379,9,90614.546875,39.61113739013672,1021.2071533203125,828.258056640625,1,15,49.2392463684082,16.557065963745117
7419,9,90575.46875,39.604061126708984,1024.5040283203125,831.554931640625,1,15,49.2392463684082,16.557065963745117
7459,9,90543.6640625,39.5851821899414,1027.5230712890625,834.573974609375,1,15,49.2392463684082,16.557065963745117
7479,9,90535.6484375,39.57574462890625,1029.252685546875,836.3035888671875,1,15,49.2392463684082,16.557065963745117
7519,9,90497.5546875,39.5733871459961,1032.33837890625,839.3892822265625,1,15,49.2392463684082,16.557065963745117
7559,9,90456.7890625,39.56394577026367,1035.2861328125,842.3370361328125,1,15,49.2392463684082,16.557065963745117
7579,9,90440.2890625,39.5663070678711,1037.1876220703125,844.238525390625,1,15,49.2392807006836,16.557092666625977
7619,9,90404.6171875,39.55215072631836,1040.4781494140625,847.529052734375,1,15,49.2392807006836,16.557092666625977
7759,9,90298.8125,39.5096778869629,1051.2159423828125,858.266845703125,1,15,49.239295959472656,16.55710792541504
7819,9,90248.1015625,39.481361389160156,1055.960693359375,863.0115966796875,1,15,49.239295959472656,16.55710792541504
10919,9,88377.1171875,38.77579879760742,1240.796142578125,1047.8470458984375,1,16,49.239803314208984,16.557527542114258
10939,9,88351.2109375,38.7734375,1241.58154296875,1048.6324462890625,1,16,49.239803314208984,16.557527542114258
10979,9,88341.046875,38.77107620239258,1243.36083984375,1050.4117431640625,1,16,49.23981857299805,16.557540893554688
11019,9,88330.8828125,38.76871871948242,1245.0137939453125,1052.064697265625,1,16,49.23981857299805,16.557540893554688
11059,9,88311.03125,38.766357421875,1246.5008544921875,1053.5517578125,1,16,49.23981857299805,16.557540893554688
11079,9,88312.5,38.76163864135742,1247.3656005859375,1054.41650390625,1,16,49.23981857299805,16.557540893554688
11119,9,88288.5390625,38.756919860839844,1248.9290771484375,1055.97998046875,1,16,49.23981857299805,16.557540893554688
11159,9,88279.078125,38.76399612426758,1250.2689208984375,1057.31982421875,1,16,49.23981857299805,16.557540893554688
11219,9,88256.84375,38.749839782714844,1252.65673828125,1059.7076416015625,1,16,49.23981857299805,16.557540893554688
11279,9,88236.515625,38.7451171875,1254.77978515625,1061.8306884765625,1,14,49.23986053466797,16.55757713317871
11319,9,88225.65625,38.73331832885742,1256.1536865234375,1063.20458984375,1,14,49.23986053466797,16.55757713317871
11359,9,88208.0078125,38.723880767822266,1257.39404296875,1064.4449462890625,1,14,49.23986053466797,16.55757713317871
11379,9,88203.8984375,38.721519470214844,1258.1568603515625,1065.207763671875,1,14,49.23987579345703,16.557588577270508
11419,9,88183.359375,38.709720611572266,1259.5640869140625,1066.614990234375,1,14,49.23987579345703,16.557588577270508
11459,9,88170.3359375,38.6932029724121,1260.8663330078125,1067.917236328125,1,14,49.23987579345703,16.557588577270508
11519,9,88155.109375,38.68376159667969,1262.800048828125,1069.8509521484375,1,14,49.23987579345703,16.557588577270508
11559,9,88135.3046875,38.66960144042969,1264.0252685546875,1071.076171875,1,14,49.23987579345703,16.557588577270508
11599,9,88127.0859375,38.6648826599121,1265.2760009765625,1072.326904296875,1,14,49.23987579345703,16.557588577270508
11619,9,88124.921875,38.66016387939453,1265.9493408203125,1073.000244140625,1,14,49.23987579345703,16.557588577270508
11659,9,88113.0703125,38.65544128417969,1267.052734375,1074.1036376953125,1,14,49.23987579345703,16.557588577270508
11719,9,88085.015625,38.64836502075195,1269.1129150390625,1076.163818359375,1,15,49.23991775512695,16.55762481689453
11759,9,88076.28125,38.65308380126953,1270.2652587890625,1077.316162109375,1,15,49.23991775512695,16.55762481689453
11859,9,88044.375,38.63892364501953,1273.417236328125,1080.4681396484375,1,15,49.239933013916016,16.55763816833496
11919,9,88027.4296875,38.63892364501953,1275.3128662109375,1082.36376953125,1,15,49.23994445800781,16.557649612426758
12059,9,87986.0625,38.63184356689453,1279.232177734375,1086.2830810546875,1,15,49.23994445800781,16.557649612426758
12119,9,87972.53125,38.62476348876953,1280.892578125,1087.9434814453125,1,15,49.23997497558594,16.557674407958984
12159,9,87960.421875,38.62476348876953,1281.7994384765625,1088.850341796875,1,15,49.23997497558594,16.557674407958984
12239,9,87940.109375,38.62004470825195,1283.860595703125,1090.9114990234375,1,15,49.239990234375,16.55768585205078
12359,9,87911.1015625,38.608245849609375,1286.8389892578125,1093.889892578125,1,15,49.24001693725586,16.55771255493164
12439,9,87891.3046875,38.594085693359375,1288.8731689453125,1095.924072265625,1,15,49.24001693725586,16.55771255493164
12459,9,87887.4140625,38.59880447387695,1289.2349853515625,1096.285888671875,1,15,49.24001693725586,16.55771255493164
12539,9,87863.7265625,38.5893669128418,1291.2130126953125,1098.263916015625,1,15,49.24003219604492,16.557723999023438
12599,9,87855.734375,38.59172439575195,1292.4300537109375,1099.48095703125,1,15,49.24003219604492,16.557723999023438
12639,9,87842.421875,38.59172439575195,1293.531982421875,1100.5828857421875,1,15,49.24004364013672,16.557735443115234
12679,9,87834.2109375,38.587005615234375,1294.4090576171875,1101.4599609375,1,15,49.24005889892578,16.55774688720703
12719,9,87826.2109375,38.5893669128418,1295.2852783203125,1102.336181640625,1,15,49.24005889892578,16.55774688720703
12779,9,87820.203125,38.57756423950195,1296.4356689453125,1103.486572265625,1,15,49.24005889892578,16.55774688720703
12819,9,87806.15625,38.579925537109375,1297.2840576171875,1104.3349609375,1,15,49.24005889892578,16.55774688720703
12839,9,87801.8359375,38.57048416137695,1297.6767578125,1104.7276611328125,1,15,49.24005889892578,16.55774688720703
12879,9,87792.890625,38.5681266784668,1298.487060546875,1105.5379638671875,1,15,49.24008560180664,16.55777359008789
12919,9,87784.203125,38.5610466003418,1299.265380859375,1106.3162841796875,1,15,49.24008560180664,16.55777359008789
12959,9,87781.78125,38.5610466003418,1299.8804931640625,1106.931396484375,1,15,49.24008560180664,16.55777359008789
12979,9,87780.8359375,38.55632781982422,1300.2257080078125,1107.276611328125,1,15,49.24008560180664,16.55777359008789
13059,9,87756.890625,38.551605224609375,1301.6309814453125,1108.681884765625,1,15,49.24008560180664,16.55777359008789
13079,9,87759.5703125,38.5468864440918,1302.0008544921875,1109.0517578125,1,15,49.240116119384766,16.557796478271484
13119,9,87751.578125,38.54924774169922,1302.6468505859375,1109.69775390625,1,15,49.240116119384766,16.557796478271484
13179,9,87742.15625,38.544525146484375,1303.5650634765625,1110.615966796875,1,15,49.240116119384766,16.557796478271484
13259,9,87728.671875,38.5256462097168,1304.69677734375,1111.7476806640625,1,15,49.240116119384766,16.557796478271484
13279,9,87724.828125,38.5185661315918,1305.0582275390625,1112.109130859375,1,15,49.24013900756836,16.55782127380371
13359,9,87712.296875,38.5044059753418,1306.1043701171875,1113.1552734375,1,15,49.24013900756836,16.55782127380371
13419,9,87705.296875,38.49968719482422,1306.9605712890625,1114.011474609375,1,16,49.24015426635742,16.557832717895508
13559,9,87686.2421875,38.48316955566406,1308.7266845703125,1115.777587890625,1,16,49.24015426635742,16.557832717895508
13619,9,87680.71875,38.47372817993164,1309.4471435546875,1116.498046875,1,15,49.24018096923828,16.5578556060791
13719,9,87672.5078125,38.46900939941406,1310.477783203125,1117.5286865234375,1,14,49.240196228027344,16.5578670501709
13759,9,87669.6171875,38.46664810180664,1310.8369140625,1117.8878173828125,1,14,49.240196228027344,16.5578670501709
14359,9,87624.8984375,38.45484924316406,1315.079345703125,1122.1302490234375,1,15,49.24027633666992,16.557939529418945
14419,9,87619.3203125,38.45720672607422,1315.34619140625,1122.3970947265625,1,15,49.24028778076172,16.557950973510742
14519,9,87618.5859375,38.45956802368164,1315.6119384765625,1122.662841796875,1,15,49.24030303955078,16.55796241760254
14559,9,87611.109375,38.45248794555664,1315.6961669921875,1122.7470703125,1,15,49.24030303955078,16.55796241760254
14599,9,87613.0546875,38.45012664794922,1315.740478515625,1122.7913818359375,1,15,49.24030303955078,16.55796241760254
14639,9,87613.2734375,38.45720672607422,1315.7667236328125,1122.817626953125,1,15,49.24030303955078,16.55796241760254
14679,9,87612.109375,38.44540786743164,1315.7781982421875,1122.8291015625,1,14,49.24034118652344,16.557998657226562
14959,9,87609.953125,38.44068908691406,1315.811767578125,1122.8626708984375,1,14,49.24034118652344,16.557998657226562
15099,9,87615.5234375,38.43832778930664,1315.7523193359375,1122.80322265625,1,14,49.24034118652344,16.557998657226562
15159,9,87612.890625,38.43124771118164,1315.702880859375,1122.7537841796875,1,14,49.24034118652344,16.557998657226562
15279,9,87614.1484375,38.41944885253906,1315.498779296875,1122.5496826171875,1,15,49.24037170410156,16.558021545410156
15439,9,87619.984375,38.41236877441406,1315.0712890625,1122.1221923828125,1,15,49.24038314819336,16.55803108215332
15479,9,87620.71875,38.41000747680664,1314.9158935546875,1121.966796875,1,15,49.24038314819336,16.55803108215332
15519,9,87620.2421875,38.407649993896484,1314.7532958984375,1121.80419921875,1,15,49.24039840698242,16.558042526245117
15559,9,87622.921875,38.40292739868164,1314.5482177734375,1121.59912109375,1,15,49.24039840698242,16.558042526245117
15599,9,87623.921875,38.39584732055664,1314.35400390625,1121.4049072265625,1,15,49.24039840698242,16.558042526245117
15619,9,87623.1796875,38.39820861816406,1314.270263671875,1121.3211669921875,1,14,49.24040985107422,16.558055877685547
15639,9,87626.3359375,38.39584732055664,1314.117919921875,1121.1688232421875,1,14,49.24040985107422,16.558055877685547
15679,9,87629.703125,38.400569915771484,1313.859375,1120.9102783203125,1,14,49.24040985107422,16.558055877685547
15759,9,87635.7578125,38.400569915771484,1313.3917236328125,1120.442626953125,1,14,49.240421295166016,16.558067321777344
15799,9,87640.0703125,38.41000747680664,1313.1329345703125,1120.183837890625,1,14,49.240421295166016,16.558067321777344
15839,9,87638.6484375,38.40292739868164,1312.8392333984375,1119.89013671875,1,14,49.240421295166016,16.558067321777344
15899,9,87643.2265625,38.407649993896484,1312.4400634765625,1119.490966796875,1,14,49.240421295166016,16.558067321777344
15939,9,87646.3828125,38.40528869628906,1312.075439453125,1119.1263427734375,1,14,49.24045181274414,16.55809211730957
15959,9,87646.8984375,38.39584732055664,1311.896240234375,1118.9471435546875,1,14,49.24045181274414,16.55809211730957
15999,9,87656.8359375,38.39112854003906,1311.5013427734375,1118.55224609375,1,14,49.24045181274414,16.55809211730957
16059,9,87657.1015625,38.386409759521484,1310.9329833984375,1117.98388671875,1,15,49.24046325683594,16.558103561401367
16219,9,87674.125,38.36280822753906,1309.270751953125,1116.3216552734375,1,15,49.240478515625,16.558115005493164
16299,9,87686.484375,38.358089447021484,1308.3193359375,1115.3702392578125,1,14,49.2404899597168,16.55812644958496
16339,9,87689.15625,38.35336685180664,1307.81982421875,1114.8707275390625,1,14,49.2404899597168,16.55812644958496
16419,9,87699.3125,38.35572814941406,1306.841552734375,1113.8924560546875,1,14,49.2404899597168,16.55812644958496
16459,9,87698.40625,38.33920669555664,1306.335205078125,1113.3861083984375,1,14,49.2404899597168,16.55812644958496
16559,9,87718.234375,38.34156799316406,1304.7939453125,1111.8448486328125,1,14,49.240516662597656,16.558151245117188
16639,9,87727.4375,38.33920669555664,1303.5048828125,1110.5557861328125,1,14,49.240516662597656,16.558151245117188
16659,9,87731.796875,38.336849212646484,1303.2159423828125,1110.266845703125,1,14,49.240516662597656,16.558151245117188
16739,9,87738.8359375,38.329769134521484,1301.9476318359375,1108.99853515625,1,14,49.240516662597656,16.558151245117188
16759,9,87744.625,38.33448791503906,1301.6737060546875,1108.724609375,1,14,49.240516662597656,16.558151245117188
16839,9,87762.0390625,38.336849212646484,1300.2008056640625,1107.251708984375,1,14,49.24055862426758,16.558185577392578
16859,9,87756.5078125,38.32740783691406,1299.95849609375,1107.0093994140625,1,14,49.24055862426758,16.558185577392578
16959,9,87770.8046875,38.32032775878906,1298.283447265625,1105.3343505859375,1,14,49.24058151245117,16.5582103729248
16999,9,87784.5859375,38.322689056396484,1297.59521484375,1104.6461181640625,1,14,49.24058151245117,16.5582103729248
17039,9,87785.578125,38.315608978271484,1296.8480224609375,1103.89892578125,1,14,49.24058151245117,16.5582103729248
17099,9,87810.71875,38.32032775878906,1295.661865234375,1102.7127685546875,1,14,49.24058151245117,16.5582103729248
17139,9,87810.0234375,38.31088638305664,1294.7373046875,1101.7882080078125,1,14,49.240596771240234,16.55821990966797
17179,9,87822.3359375,38.31796646118164,1293.887451171875,1100.9383544921875,1,14,49.24060821533203,16.558231353759766
17199,9,87823.328125,38.31088638305664,1293.5379638671875,1100.5888671875,1,14,49.24060821533203,16.558231353759766
17239,9,87832.0546875,38.30616760253906,1292.6846923828125,1099.735595703125,1,14,49.24060821533203,16.558231353759766
17279,9,87837.625,38.30380630493164,1291.835693359375,1098.8865966796875,1,14,49.24061965942383,16.5582447052002
17299,9,87845.140625,38.29908752441406,1291.451904296875,1098.5028076171875,1,14,49.24061965942383,16.5582447052002
17339,9,87853.90625,38.28256607055664,1290.39697265625,1097.4478759765625,1,14,49.24061965942383,16.5582447052002
17379,9,87866.2578125,38.27784729003906,1289.37158203125,1096.4224853515625,1,14,49.2406349182129,16.558256149291992
17419,9,87873.515625,38.27784729003906,1288.3651123046875,1095.416015625,1,14,49.2406349182129,16.558256149291992
17459,9,87878.8671875,38.26840591430664,1287.5015869140625,1094.552490234375,1,14,49.2406349182129,16.558256149291992
17479,9,87882.7578125,38.26368713378906,1286.960205078125,1094.0111083984375,1,15,49.24064636230469,16.55826759338379
17519,9,87892.2109375,38.25660705566406,1285.957763671875,1093.0086669921875,1,15,49.24064636230469,16.55826759338379
17559,9,87907.453125,38.25424575805664,1284.9835205078125,1092.034423828125,1,15,49.24064636230469,16.55826759338379
17619,9,87918.6015625,38.24952697753906,1283.4322509765625,1090.483154296875,1,15,49.240657806396484,16.558279037475586
17659,9,87923.4765625,38.237728118896484,1282.5458984375,1089.5968017578125,1,15,49.240657806396484,16.558279037475586
17679,9,87936.515625,38.24244689941406,1281.8837890625,1088.9346923828125,1,15,49.240657806396484,16.558279037475586
17759,9,87956.8984375,38.223567962646484,1279.7896728515625,1086.840576171875,1,15,49.240657806396484,16.558279037475586
17819,9,87967.5625,38.216487884521484,1278.1080322265625,1085.158935546875,1,15,49.240657806396484,16.558279037475586
17859,9,87979.4296875,38.209407806396484,1277.1090087890625,1084.159912109375,1,15,49.240657806396484,16.558279037475586
17919,9,87998.5625,38.20232391357422,1275.333740234375,1082.3846435546875,1,15,49.24069595336914,16.558311462402344
17959,9,88008.4921875,38.19760513305664,1274.23828125,1081.2891845703125,1,15,49.24069595336914,16.558311462402344
17999,9,88019.6328125,38.19288635253906,1273.0577392578125,1080.108642578125,1,15,49.24071502685547,16.55832290649414
18059,9,88029.8125,38.18344497680664,1271.3201904296875,1078.37109375,1,15,49.24071502685547,16.55832290649414
18119,9,88055.71875,38.17400360107422,1269.329833984375,1076.3807373046875,1,15,49.240726470947266,16.558334350585938
18319,9,88119.875,38.15040588378906,1262.697265625,1069.7481689453125,1,15,49.240753173828125,16.558359146118164
18459,9,88166.8671875,38.11972427368164,1257.899658203125,1064.9505615234375,1,15,49.240753173828125,16.558359146118164
18519,9,88185.0390625,38.1079216003418,1255.637939453125,1062.6888427734375,1,15,49.24077606201172,16.558380126953125
18559,9,88193.53125,38.09612274169922,1254.376953125,1061.4278564453125,1,15,49.24077606201172,16.558380126953125
18619,9,88217.9609375,38.091400146484375,1252.102294921875,1059.1531982421875,1,15,49.24077606201172,16.558380126953125
18719,9,88249.4296875,38.0796012878418,1248.53369140625,1055.5845947265625,1,15,49.24080276489258,16.55840492248535
18759,9,88268.296875,38.077239990234375,1247.1199951171875,1054.1708984375,1,15,49.24080276489258,16.55840492248535
18859,9,88311.59375,38.070159912109375,1243.12109375,1050.1719970703125,1,15,49.240814208984375,16.55841636657715
18939,9,88336.0234375,38.0654411315918,1239.98388671875,1047.0347900390625,1,15,49.24082946777344,16.558427810668945
19079,9,88389.9765625,38.0512809753418,1234.5438232421875,1041.5947265625,1,15,49.2408561706543,16.55845069885254
19099,9,88394.3359375,38.048919677734375,1233.915283203125,1040.9661865234375,1,15,49.2408561706543,16.55845069885254
19179,9,88425.0625,38.03947830200195,1230.5797119140625,1037.630615234375,1,15,49.24086380004883,16.558462142944336
19199,9,88437.65625,38.0300407409668,1229.8892822265625,1036.940185546875,1,15,49.24086380004883,16.558462142944336
19239,9,88453.390625,38.01823806762695,1228.0654296875,1035.1163330078125,1,15,49.24086380004883,16.558462142944336
19279,9,88466.6875,38.01823806762695,1226.4898681640625,1033.540771484375,1,15,49.240875244140625,16.5584716796875
19299,9,88477.59375,38.006439208984375,1225.7838134765625,1032.834716796875,1,15,49.240875244140625,16.5584716796875
19339,9,88496.453125,38.00407791137695,1223.9024658203125,1030.953369140625,1,15,49.240875244140625,16.5584716796875
19379,9,88506.1484375,37.9922752380371,1222.2650146484375,1029.31591796875,1,15,49.24089050292969,16.5584831237793
19439,9,88537.6015625,37.98047637939453,1219.6319580078125,1026.682861328125,1,15,49.24089050292969,16.5584831237793
19479,9,88550.9140625,37.96867370605469,1217.906982421875,1024.9578857421875,1,15,49.24089050292969,16.5584831237793
19519,9,88568.3359375,37.95923614501953,1216.12841796875,1023.1793212890625,1,15,49.24089050292969,16.5584831237793
19539,9,88581.8828125,37.95451354980469,1215.184814453125,1022.2357177734375,1,15,49.24089050292969,16.5584831237793
19619,9,88620.5859375,37.9427146911621,1211.3123779296875,1018.36328125,1,15,49.24091339111328,16.55850601196289
19819,9,88713.25,37.88134765625,1201.7298583984375,1008.78076171875,1,15,49.24094009399414,16.558528900146484
20519,9,89062.640625,37.7043342590332,1165.7130126953125,972.763916015625,1,16,49.24102783203125,16.55860710144043
21159,9,89409.84375,37.54147720336914,1129.467041015625,936.5179443359375,1,15,49.2411003112793,16.558673858642578
21499,9,89626.234375,37.465946197509766,1108.1693115234375,915.22021484375,1,16,49.24114990234375,16.5587158203125
21579,9,89678.15625,37.45414352416992,1102.983154296875,910.0340576171875,1,16,49.24114990234375,16.5587158203125
21599,9,89688.78125,37.44706344604492,1101.8912353515625,908.942138671875,1,16,49.24114990234375,16.5587158203125
21639,9,89712.921875,37.43526077270508,1099.0869140625,906.1378173828125,1,16,49.24114990234375,16.5587158203125
21779,9,89794.515625,37.3974952697754,1090.150390625,897.2012939453125,1,16,49.241180419921875,16.558746337890625
21859,9,89847.6015625,37.362091064453125,1085.1624755859375,892.21337890625,1,16,49.241180419921875,16.558746337890625
21879,9,89864.25,37.355010986328125,1083.63525390625,890.6861572265625,1,16,49.24119186401367,16.55875587463379
21919,9,89892.4921875,37.3455696105957,1080.9383544921875,887.9892578125,1,16,49.24119186401367,16.55875587463379
21959,9,89910.3359375,37.32668685913086,1078.6141357421875,885.6650390625,1,16,49.24119186401367,16.55875587463379
22059,9,89991.1484375,37.27947998046875,1071.730712890625,878.7816162109375,1,16,49.24119186401367,16.55875587463379
22079,9,90002.96875,37.272396087646484,1070.0657958984375,877.11669921875,1,16,49.24119186401367,16.55875587463379
22179,9,90067.375,37.23935317993164,1063.0079345703125,870.058837890625,1,16,49.24123001098633,16.558786392211914
22219,9,90094.140625,37.22282791137695,1060.1961669921875,867.2470703125,1,16,49.24123001098633,16.558786392211914
22419,9,90231.140625,37.16145706176758,1046.375732421875,853.4266357421875,1,16,49.24125289916992,16.558809280395508
22619,9,90372.7109375,37.10480880737305,1031.9571533203125,839.008056640625,1,16,49.24127197265625,16.55883026123047
22659,9,90398.7421875,37.09064483642578,1029.381591796875,836.4324951171875,1,16,49.24127197265625,16.55883026123047
23219,9,90826.75,36.960819244384766,986.7421264648438,793.7930297851562,1,15,49.24134063720703,16.558895111083984
23359,9,90938.5625,36.918331146240234,976.0198364257812,783.0707397460938,1,15,49.24135208129883,16.55890464782715
23899,9,91376.0234375,36.7082405090332,932.3735961914062,739.4244995117188,1,15,49.24140548706055,16.5589599609375
24219,9,91650.7265625,36.6090965270996,904.9091796875,711.9600830078125,1,15,49.24144744873047,16.559003829956055
24259,9,91678.890625,36.59965515136719,901.9061279296875,708.95703125,1,15,49.24144744873047,16.559003829956055
24279,9,91700.1015625,36.597293853759766,899.8929443359375,706.94384765625,1,15,49.24144744873047,16.559003829956055
24319,9,91736.921875,36.5831298828125,896.4956665039062,703.5465698242188,1,15,49.24144744873047,16.559003829956055
24359,9,91770.6171875,36.571327209472656,893.4031982421875,700.4541015625,1,15,49.24144744873047,16.559003829956055
24459,9,91858.796875,36.55480194091797,884.8380126953125,691.888916015625,1,15,49.24144744873047,16.559003829956055
24519,9,91908.875,36.5406379699707,879.209228515625,686.2601318359375,1,15,49.24144744873047,16.559003829956055
26819,9,94180.9609375,35.789913177490234,659.0338134765625,466.084716796875,1,15,49.241703033447266,16.55927276611328
26959,9,94317.71875,35.74269485473633,645.0158081054688,452.06671142578125,1,15,49.2417106628418,16.559282302856445
27119,9,94484.40625,35.68367385864258,628.4158325195312,435.46673583984375,1,15,49.241729736328125,16.559303283691406
27159,9,94519.3671875,35.6671485900879,624.9155883789062,431.96649169921875,1,15,49.241729736328125,16.559303283691406
27299,9,94685.3203125,35.6104850769043,610.3302001953125,417.381103515625,1,15,49.24174880981445,16.559322357177734
27359,9,94753.296875,35.596317291259766,603.9103393554688,410.96124267578125,1,15,49.24174880981445,16.559322357177734
27399,9,94803.5625,35.57270812988281,599.539306640625,406.5902099609375,1,15,49.24174880981445,16.559322357177734
27419,9,94825.75,35.575069427490234,596.9904174804688,404.04132080078125,1,15,49.24174880981445,16.559322357177734
27459,9,94867.2265625,35.56090545654297,592.5578002929688,399.60870361328125,1,15,49.24174880981445,16.559322357177734
27499,9,94923.6640625,35.54909896850586,588.541015625,395.5919189453125,1,15,49.24176788330078,16.559341430664062
27519,9,94942.9296875,35.54909896850586,585.9437255859375,392.99462890625,1,15,49.24176788330078,16.559341430664062
27619,9,95047.359375,35.5254898071289,575.3780517578125,382.428955078125,1,15,49.24177551269531,16.55935287475586
27659,9,95090.03125,35.511322021484375,571.40771484375,378.4586181640625,1,15,49.24177551269531,16.55935287475586
27759,9,95196.5234375,35.480628967285156,560.9882202148438,368.03912353515625,1,15,49.2417869567871,16.559362411499023
27839,9,95292.3359375,35.46174240112305,551.9641723632812,359.01507568359375,1,15,49.241790771484375,16.559371948242188
27959,9,95421.8515625,35.40979766845703,539.6565551757812,346.70745849609375,1,15,49.24180221557617,16.55938148498535
28039,9,95528.1328125,35.383827209472656,530.5497436523438,337.60064697265625,1,15,49.2418098449707,16.559391021728516
28059,9,95552.890625,35.381465911865234,528.708251953125,335.7591552734375,1,15,49.2418098449707,16.559391021728516
28139,9,95648.5078125,35.36730194091797,519.4445190429688,326.49542236328125,1,15,49.2418098449707,16.559391021728516
28239,9,95764.3984375,35.34132766723633,507.974365234375,315.0252685546875,1,15,49.24182891845703,16.559412002563477
28279,9,95799.8125,35.32716369628906,503.6699523925781,310.72088623046875,1,15,49.24183654785156,16.55942153930664
28339,9,95862.0390625,35.303550720214844,497.08001708984375,304.13092041015625,1,15,49.24183654785156,16.55942153930664
28379,9,95915.3359375,35.29410934448242,492.6645812988281,299.71551513671875,1,15,49.24183654785156,16.55942153930664
28439,9,95994.078125,35.2799415588379,485.9163513183594,292.96728515625,1,15,49.24184799194336,16.5594310760498
28519,9,96086.375,35.25633239746094,476.9017639160156,283.95269775390625,1,15,49.24184799194336,16.5594310760498
28539,9,96101.5078125,35.253971099853516,474.7745361328125,281.825439453125,1,15,49.2418556213379,16.55944061279297
28579,9,96159.28125,35.253971099853516,470.4670104980469,277.5179443359375,1,15,49.2418556213379,16.55944061279297
28619,9,96206.7109375,35.239803314208984,465.9753723144531,273.02630615234375,1,15,49.2418556213379,16.55944061279297
28659,9,96258.9609375,35.22563552856445,461.9391174316406,268.99005126953125,1,15,49.2418556213379,16.55944061279297
28719,9,96324.9609375,35.2138328552246,454.9151611328125,261.966064453125,1,15,49.24187088012695,16.559457778930664
28759,9,96367.375,35.18785858154297,450.9818115234375,258.03271484375,1,15,49.24187088012695,16.559457778930664
28819,9,96437.140625,35.17133331298828,443.90509033203125,250.9560089111328,1,15,49.24187088012695,16.559457778930664
28859,9,96481.6328125,35.15480422973633,439.8353576660156,246.8862762451172,1,15,49.24187088012695,16.559457778930664
28879,9,96512.0390625,35.14535903930664,437.2200622558594,244.27098083496094,1,15,49.241886138916016,16.559476852416992
28919,9,96567.875,35.1311912536621,432.5614013671875,239.61231994628906,1,15,49.241886138916016,16.559476852416992
28959,9,96605.5,35.12174987792969,428.488037109375,235.53895568847656,1,15,49.241886138916016,16.559476852416992
28999,9,96671.640625,35.105220794677734,423.74884033203125,230.7997589111328,1,15,49.24189376831055,16.559484481811523
29019,9,96706.3359375,35.093414306640625,420.8105163574219,227.86143493652344,1,15,49.24189376831055,16.559484481811523
29099,9,96795.4921875,35.07216262817383,411.6048278808594,218.65574645996094,1,15,49.241905212402344,16.559494018554688
29119,9,96822.28125,35.0627212524414,408.78839111328125,215.8393096923828,1,15,49.241905212402344,16.559494018554688
29159,9,96870.046875,35.05563735961914,404.5150451660156,211.5659637451172,1,15,49.241905212402344,16.559494018554688
29199,9,96921.359375,35.03202438354492,399.8121643066406,206.8630828857422,1,15,49.2419090270996,16.55950355529785
29219,9,96934.75,35.02730178833008,397.1585998535156,204.2095184326172,1,15,49.2419090270996,16.55950355529785
29259,9,97000.71875,35.01549530029297,392.80670166015625,199.8576202392578,1,15,49.2419090270996,16.55950355529785
29299,9,97043.8203125,35.00368881225586,388.0552978515625,195.10621643066406,1,15,49.2419204711914,16.559513092041016
29319,9,97065.7890625,34.99424743652344,385.3309020996094,192.38182067871094,1,15,49.2419204711914,16.559513092041016
29359,9,97116.2578125,34.977718353271484,381.1793212890625,188.23023986816406,1,15,49.2419204711914,16.559513092041016
29419,9,97190.109375,34.96355056762695,373.8867492675781,180.9376678466797,1,15,49.24192810058594,16.559520721435547
29459,9,97232.828125,34.94466018676758,369.7663269042969,176.81724548339844,1,15,49.24192810058594,16.559520721435547
29559,9,97365.9296875,34.921051025390625,358.2156066894531,165.2665252685547,1,15,49.2419319152832,16.55953025817871
29639,9,97456.90625,34.8974380493164,348.5009460449219,155.55186462402344,1,15,49.241943359375,16.559539794921875
29659,9,97505.859375,34.89035415649414,346.4375,153.48841857910156,1,15,49.241943359375,16.559539794921875
29739,9,97592.546875,34.869102478027344,336.61102294921875,143.6619415283203,1,15,49.241947174072266,16.55954933166504
29759,9,97609.828125,34.85493469238281,334.7591552734375,141.81007385253906,1,15,49.241947174072266,16.55954933166504
29939,9,97842.4140625,34.8029899597168,313.28204345703125,120.33296203613281,1,15,49.2419662475586,16.559566497802734
30039,9,97978,34.774654388427734,301.2392883300781,108.29020690917969,1,15,49.241973876953125,16.559574127197266
30079,9,98029.484375,34.762847900390625,296.36602783203125,103.41694641113281,1,15,49.241973876953125,16.559574127197266
30139,9,98107.8515625,34.736873626708984,289.3503112792969,96.40122985839844,1,15,49.241973876953125,16.559574127197266
30179,9,98155.578125,34.72978973388672,284.5567626953125,91.60768127441406,1,15,49.241973876953125,16.559574127197266
30239,9,98231.78125,34.71562194824219,277.3123474121094,84.36326599121094,1,15,49.241973876953125,16.559574127197266
30279,9,98298.7421875,34.70853805541992,272.3843078613281,79.4352264404297,1,15,49.241973876953125,16.559574127197266
30339,9,98358.7734375,34.69200897216797,265.39605712890625,72.4469757080078,1,15,49.241973876953125,16.559574127197266
30479,9,98535.875,34.661312103271484,248.8520965576172,55.90301513671875,1,15,49.24200439453125,16.559608459472656
